Id,MLType,Timestamp,Error
1,MLType,02/26/2023 10:53:39,False
2,MLType,03/01/2023 17:20:47,False
3,MLType,03/01/2023 18:36:04,False
4,MLType,03/01/2023 17:20:50,False
5,MLType,03/01/2023 18:36:04,False
6,MLType,03/01/2023 18:36:04,False
7,MLType,03/01/2023 17:20:50,False
8,MLType,03/01/2023 18:42:54,False
9,MLType,03/01/2023 18:37:40,False
10,MLType,03/01/2023 18:37:40,False
11,MLType,03/01/2023 17:20:50,False
12,MLType,03/02/2023 14:54:05,False
13,MLType,03/02/2023 14:54:05,False
14,MLType,03/02/2023 14:54:04,False
15,MLType,03/01/2023 18:42:54,False
16,MLType,03/01/2023 17:20:50,False
17,MLType,03/02/2023 14:54:06,False
18,MLType,03/02/2023 14:54:06,False
19,MLType,03/02/2023 14:54:06,False
20,MLType,03/02/2023 14:54:05,False
21,MLType,03/02/2023 14:54:05,False
22,MLType,03/01/2023 17:20:50,False
23,MLType,03/02/2023 14:54:06,False
24,MLType,03/02/2023 14:54:06,False
25,MLType,03/02/2023 14:54:06,False
26,MLType,03/02/2023 14:54:06,False
27,MLType,03/02/2023 14:54:06,False
28,MLType,03/02/2023 14:54:06,False
29,MLType,03/01/2023 17:20:50,False
30,MLType,03/02/2023 14:54:13,True
31,MLType,03/02/2023 14:54:13,False
32,MLType,03/02/2023 14:54:13,False
33,MLType,03/02/2023 14:54:13,False
34,MLType,03/02/2023 14:54:08,False
35,MLType,03/02/2023 14:54:06,False
36,MLType,03/02/2023 14:54:06,False
37,MLType,03/01/2023 17:20:50,False
38,MLType,03/02/2023 15:13:14,False
39,MLType,03/02/2023 15:13:14,False
40,MLType,03/02/2023 14:54:13,False
41,MLType,03/02/2023 14:54:13,False
42,MLType,03/02/2023 14:54:13,False
43,MLType,03/02/2023 14:54:13,False
44,MLType,03/02/2023 14:54:13,False
45,MLType,03/02/2023 14:54:13,False
46,MLType,03/01/2023 17:20:53,False
47,MLType,03/02/2023 15:41:41,False
48,MLType,03/02/2023 15:37:37,False
49,MLType,03/02/2023 15:37:37,False
50,MLType,03/02/2023 15:34:20,False
51,MLType,03/02/2023 15:34:20,False
52,MLType,03/02/2023 15:18:05,False
53,MLType,03/02/2023 15:18:05,False
54,MLType,03/02/2023 15:16:11,False
55,MLType,03/02/2023 15:16:11,False
56,MLType,02/26/2023 08:09:25,False
57,MLType,03/01/2023 17:22:03,True
58,MLType,03/03/2023 10:08:04,False
59,MLType,03/03/2023 10:08:04,False
60,MLType,03/03/2023 10:08:04,False
61,MLType,03/03/2023 10:08:04,False
62,MLType,03/03/2023 10:08:04,False
63,MLType,03/03/2023 10:08:04,False
64,MLType,03/03/2023 10:08:04,False
65,MLType,03/03/2023 10:08:04,False
66,MLType,03/03/2023 10:08:02,False
67,MLType,03/02/2023 15:58:22,False
68,MLType,03/02/2023 15:58:22,False
69,MLType,03/01/2023 17:23:52,False
70,MLType,03/03/2023 10:08:14,False
71,MLType,03/03/2023 10:08:14,False
72,MLType,03/03/2023 10:08:14,False
73,MLType,03/03/2023 10:08:14,False
74,MLType,03/03/2023 10:08:14,False
75,MLType,03/03/2023 10:08:14,True
76,MLType,03/03/2023 10:08:14,False
77,MLType,03/03/2023 10:08:14,False
78,MLType,03/03/2023 10:08:14,False
79,MLType,03/03/2023 10:08:14,False
80,MLType,03/03/2023 10:08:08,False
81,MLType,03/03/2023 10:08:04,False
82,MLType,03/01/2023 18:16:18,False
83,MLType,03/06/2023 07:54:35,False
84,MLType,03/06/2023 07:54:33,False
85,MLType,03/06/2023 07:54:33,False
86,MLType,02/26/2023 10:53:39,False
87,MLType,03/01/2023 18:18:39,False
88,MLType,03/06/2023 07:54:37,False
89,MLType,03/06/2023 07:54:37,True
90,MLType,03/06/2023 07:54:37,False
91,MLType,03/06/2023 07:54:37,False
92,MLType,03/06/2023 07:54:37,False
93,MLType,03/01/2023 18:23:43,False
94,MLType,03/06/2023 07:54:37,False
95,MLType,03/06/2023 07:54:37,False
96,MLType,03/06/2023 07:54:37,False
97,MLType,03/06/2023 07:54:37,False
98,MLType,03/06/2023 07:54:37,False
99,MLType,03/06/2023 07:54:37,False
100,MLType,03/06/2023 07:54:33,False
101,MLType,03/06/2023 07:57:20,False
102,MLType,03/06/2023 07:57:20,False
103,MLType,03/06/2023 07:54:37,False
104,MLType,03/06/2023 07:54:37,False
105,MLType,03/06/2023 07:54:37,False
106,MLType,03/06/2023 07:54:37,False
107,MLType,03/06/2023 07:54:37,False
108,MLType,03/06/2023 07:54:33,False
109,MLType,03/13/2023 07:14:21,False
110,MLType,03/13/2023 07:14:21,False
111,MLType,03/13/2023 07:14:21,False
112,MLType,03/13/2023 07:14:21,False
113,MLType,03/13/2023 07:14:21,False
114,MLType,03/13/2023 07:14:21,False
115,MLType,03/13/2023 07:14:21,False
116,MLType,03/13/2023 07:14:21,False
117,MLType,03/06/2023 07:54:33,False
118,MLType,03/13/2023 07:14:29,False
119,MLType,03/13/2023 07:14:29,False
120,MLType,03/13/2023 07:14:29,False
121,MLType,03/13/2023 07:14:29,False
122,MLType,03/13/2023 07:14:29,False
123,MLType,03/13/2023 07:14:29,False
124,MLType,03/13/2023 07:14:29,False
125,MLType,03/13/2023 07:14:29,False
126,MLType,03/13/2023 07:14:29,False
127,MLType,02/26/2023 08:09:28,False
128,MLType,03/13/2023 08:08:58,False
129,MLType,03/13/2023 08:08:58,False
130,MLType,03/13/2023 08:08:58,False
131,MLType,03/13/2023 08:08:58,False
132,MLType,03/13/2023 08:08:58,False
133,MLType,03/13/2023 08:08:58,False
134,MLType,03/13/2023 08:08:58,False
135,MLType,03/13/2023 08:08:58,False
136,MLType,03/13/2023 08:08:58,False
137,MLType,03/13/2023 08:08:58,False
138,MLType,03/06/2023 07:54:33,False
139,MLType,03/13/2023 08:09:06,False
140,MLType,03/13/2023 08:09:06,False
141,MLType,03/13/2023 08:09:06,False
142,MLType,03/13/2023 08:09:06,False
143,MLType,03/13/2023 08:09:06,False
144,MLType,03/13/2023 08:09:06,False
145,MLType,03/13/2023 08:09:06,False
146,MLType,03/13/2023 08:09:06,False
147,MLType,02/26/2023 08:09:24,False
148,MLType,03/06/2023 07:54:33,False
149,MLType,03/13/2023 11:54:51,False
150,MLType,03/13/2023 11:54:51,False
151,MLType,03/13/2023 11:54:51,False
152,MLType,03/13/2023 11:54:51,False
153,MLType,03/13/2023 11:54:51,False
154,MLType,03/13/2023 11:54:48,False
155,MLType,03/13/2023 09:20:01,False
156,MLType,03/13/2023 09:20:01,False
157,MLType,03/13/2023 08:09:06,False
158,MLType,03/13/2023 08:09:06,False
159,MLType,03/06/2023 07:54:33,False
160,MLType,03/13/2023 11:55:24,False
161,MLType,03/13/2023 11:55:24,True
162,MLType,03/13/2023 11:55:24,False
163,MLType,03/13/2023 11:55:24,False
164,MLType,03/13/2023 11:55:24,False
165,MLType,03/13/2023 11:55:24,False
166,MLType,03/13/2023 11:55:24,False
167,MLType,03/13/2023 11:55:24,False
168,MLType,03/13/2023 11:55:24,False
169,MLType,03/06/2023 07:54:33,False
170,MLType,03/13/2023 11:55:24,False
171,MLType,03/06/2023 07:54:33,False
172,MLType,03/13/2023 08:09:06,False
173,MLType,03/13/2023 11:55:24,False
174,MLType,03/13/2023 08:09:06,False
175,MLType,03/13/2023 11:55:24,False
176,MLType,03/13/2023 11:55:24,False
177,MLType,02/26/2023 08:09:24,False
178,MLType,03/13/2023 11:55:24,False
179,MLType,03/13/2023 12:12:23,False
180,MLType,03/13/2023 12:12:30,False
181,MLType,02/26/2023 08:09:24,False
182,MLType,03/13/2023 13:02:49,False
183,MLType,03/13/2023 13:05:22,False
184,MLType,03/13/2023 13:23:31,False
185,MLType,03/13/2023 14:00:38,False
186,MLType,03/13/2023 14:00:40,False
187,MLType,03/13/2023 11:55:24,False
188,MLType,03/13/2023 14:00:40,False
189,MLType,03/13/2023 14:00:40,False
190,MLType,03/13/2023 14:00:40,False
191,MLType,03/13/2023 14:00:40,False
192,MLType,03/13/2023 14:00:40,False
193,MLType,03/13/2023 14:00:40,False
194,MLType,03/13/2023 14:00:43,False
195,MLType,03/13/2023 14:00:49,False
196,MLType,03/13/2023 14:00:49,False
197,MLType,03/13/2023 14:00:49,False
198,MLType,03/13/2023 14:00:49,False
199,MLType,03/13/2023 14:00:49,False
200,MLType,02/26/2023 08:09:25,False
201,MLType,03/13/2023 14:00:49,False
202,MLType,03/13/2023 14:00:49,False
203,MLType,03/13/2023 14:00:49,False
204,MLType,03/13/2023 14:00:49,False
205,MLType,03/06/2023 07:54:33,False
206,MLType,03/13/2023 14:00:49,False
207,MLType,03/13/2023 14:00:49,False
208,MLType,03/13/2023 14:52:06,False
209,MLType,03/13/2023 14:52:09,False
210,MLType,03/13/2023 14:52:09,False
211,MLType,03/13/2023 14:52:10,False
212,MLType,03/13/2023 14:52:10,False
213,MLType,03/13/2023 14:52:10,False
214,MLType,03/13/2023 14:52:10,False
215,MLType,03/13/2023 14:52:10,False
216,MLType,03/13/2023 14:00:49,False
217,MLType,03/13/2023 14:52:13,False
218,MLType,03/13/2023 14:52:17,False
219,MLType,03/13/2023 14:52:17,False
220,MLType,03/13/2023 14:52:17,False
221,MLType,02/26/2023 10:53:39,False
222,MLType,03/13/2023 14:52:17,False
223,MLType,03/13/2023 14:52:17,False
224,MLType,03/13/2023 14:52:17,False
225,MLType,03/13/2023 14:52:17,False
226,MLType,03/13/2023 14:52:17,False
227,MLType,03/13/2023 14:52:17,False
228,MLType,03/13/2023 14:52:17,False
229,MLType,03/13/2023 14:52:17,False
230,MLType,03/13/2023 14:52:17,False
231,MLType,03/13/2023 15:35:45,False
232,MLType,02/26/2023 10:53:39,False
233,MLType,03/13/2023 15:35:47,False
234,MLType,03/13/2023 15:35:47,False
235,MLType,03/13/2023 15:35:47,False
236,MLType,03/13/2023 15:35:47,False
237,MLType,03/13/2023 15:35:47,False
238,MLType,03/13/2023 15:35:47,False
239,MLType,03/13/2023 15:35:50,False
240,MLType,03/13/2023 15:35:51,False
241,MLType,03/13/2023 15:35:51,False
242,MLType,03/13/2023 15:35:51,False
243,MLType,03/13/2023 15:35:51,False
244,MLType,02/26/2023 08:09:25,False
245,MLType,03/13/2023 15:35:51,False
246,MLType,03/13/2023 15:35:51,False
247,MLType,03/13/2023 15:35:51,False
248,MLType,03/13/2023 15:35:51,False
249,MLType,03/13/2023 15:35:51,False
250,MLType,03/13/2023 15:35:51,False
251,MLType,03/13/2023 15:35:51,False
252,MLType,03/13/2023 15:35:51,False
253,MLType,03/13/2023 15:44:59,False
254,MLType,03/22/2023 10:29:32,False
255,MLType,03/22/2023 10:29:37,False
256,MLType,03/22/2023 10:29:37,False
257,MLType,03/13/2023 14:52:17,False
258,MLType,03/22/2023 10:29:37,False
259,MLType,03/22/2023 10:29:37,False
260,MLType,03/22/2023 10:29:37,False
261,MLType,03/22/2023 10:29:37,False
262,MLType,03/22/2023 10:29:37,False
263,MLType,03/22/2023 10:29:43,False
264,MLType,03/22/2023 10:29:47,False
265,MLType,03/22/2023 10:29:47,False
266,MLType,03/22/2023 10:29:47,False
267,MLType,03/22/2023 10:29:47,False
268,MLType,03/22/2023 10:29:47,False
269,MLType,03/22/2023 10:29:47,False
270,MLType,02/26/2023 10:53:39,False
271,MLType,03/13/2023 15:35:51,False
272,MLType,03/22/2023 10:29:47,False
273,MLType,03/22/2023 10:29:47,False
274,MLType,03/22/2023 10:29:47,False
275,MLType,03/22/2023 10:29:47,False
276,MLType,03/22/2023 10:29:47,False
277,MLType,03/22/2023 10:29:47,False
278,MLType,03/22/2023 10:29:47,False
279,MLType,04/03/2023 18:02:12,False
280,MLType,04/03/2023 18:02:12,False
281,MLType,04/03/2023 18:02:12,False
282,MLType,04/03/2023 18:02:12,False
283,MLType,03/13/2023 08:09:06,False
284,MLType,03/22/2023 10:29:47,False
285,MLType,04/03/2023 18:02:12,False
286,MLType,04/03/2023 18:02:12,False
287,MLType,04/03/2023 18:02:12,False
288,MLType,04/03/2023 18:02:31,False
289,MLType,04/03/2023 18:02:31,False
290,MLType,04/03/2023 18:02:31,True
291,MLType,04/03/2023 18:02:31,False
292,MLType,04/03/2023 18:02:31,False
293,MLType,04/03/2023 18:02:31,False
294,MLType,04/03/2023 18:02:31,False
295,MLType,03/13/2023 15:35:47,False
296,MLType,04/03/2023 18:02:12,False
297,MLType,04/03/2023 18:02:31,False
298,MLType,04/03/2023 18:02:32,False
299,MLType,04/03/2023 18:02:32,False
300,MLType,04/03/2023 18:02:32,False
301,MLType,04/03/2023 18:02:32,False
302,MLType,04/13/2023 08:13:32,False
303,MLType,04/13/2023 08:13:36,False
304,MLType,04/13/2023 08:13:36,False
305,MLType,04/13/2023 08:13:36,False
306,MLType,04/13/2023 08:13:36,False
307,MLType,04/13/2023 08:13:36,False
308,MLType,04/03/2023 18:02:31,False
309,MLType,04/13/2023 08:13:36,False
310,MLType,04/13/2023 08:13:41,False
311,MLType,04/13/2023 13:44:15,False
312,MLType,04/13/2023 13:44:16,False
313,MLType,04/13/2023 13:44:16,False
314,MLType,04/13/2023 13:44:16,False
315,MLType,04/13/2023 13:44:16,False
316,MLType,04/13/2023 13:44:16,False
317,MLType,04/13/2023 13:44:16,False
318,MLType,02/26/2023 08:09:21,False
319,MLType,04/13/2023 13:44:16,False
320,MLType,04/13/2023 08:13:36,False
321,MLType,04/20/2023 08:30:29,False
322,MLType,04/20/2023 08:30:34,False
323,MLType,04/20/2023 08:30:34,False
324,MLType,04/20/2023 08:30:34,False
325,MLType,04/20/2023 08:30:34,False
326,MLType,04/20/2023 08:30:34,False
327,MLType,04/20/2023 08:30:34,False
328,MLType,04/20/2023 08:30:34,False
329,MLType,04/20/2023 08:30:38,False
330,MLType,05/05/2023 15:23:01,False
331,MLType,05/05/2023 15:23:02,False
332,MLType,05/05/2023 15:23:02,False
333,MLType,05/05/2023 15:23:02,False
334,MLType,05/05/2023 15:23:02,False
335,MLType,05/05/2023 15:23:02,False
336,MLType,05/05/2023 15:23:02,False
337,MLType,05/05/2023 15:23:02,False
338,MLType,05/07/2023 12:33:05,False
339,MLType,05/07/2023 12:33:08,False
340,MLType,05/07/2023 12:33:08,False
341,MLType,05/07/2023 12:33:09,False
342,MLType,05/07/2023 12:33:09,False
343,MLType,02/26/2023 10:53:39,False
344,MLType,05/07/2023 12:33:09,False
345,MLType,05/07/2023 12:33:09,False
346,MLType,05/07/2023 12:33:13,False
347,MLType,05/07/2023 15:10:50,False
348,MLType,05/07/2023 15:10:51,False
349,MLType,05/07/2023 15:10:51,False
350,MLType,05/07/2023 15:10:51,False
351,MLType,05/07/2023 15:10:51,False
352,MLType,05/07/2023 15:10:51,False
353,MLType,05/07/2023 15:10:51,False
354,MLType,05/07/2023 15:10:51,False
355,MLType,03/01/2023 18:26:47,False
356,MLType,05/10/2023 06:50:26,False
357,MLType,05/10/2023 06:50:26,False
358,MLType,05/10/2023 06:50:26,False
359,MLType,05/10/2023 06:50:26,False
360,MLType,05/10/2023 06:50:26,False
361,MLType,05/10/2023 06:50:26,False
362,MLType,05/10/2023 06:50:26,False
363,MLType,05/10/2023 06:50:28,False
364,MLType,05/10/2023 09:01:57,False
365,MLType,05/10/2023 09:01:57,False
366,MLType,05/10/2023 09:01:57,False
367,MLType,05/10/2023 09:01:57,False
368,MLType,02/26/2023 10:53:39,False
369,MLType,05/10/2023 09:01:57,False
370,MLType,05/10/2023 09:01:57,False
371,MLType,05/10/2023 09:01:57,False
372,MLType,05/10/2023 15:33:57,False
373,MLType,05/10/2023 15:33:59,False
374,MLType,05/10/2023 15:33:59,False
375,MLType,05/10/2023 15:33:59,False
376,MLType,05/10/2023 15:33:59,False
377,MLType,05/10/2023 15:33:59,False
378,MLType,05/10/2023 15:33:59,False
379,MLType,05/10/2023 15:33:59,False
380,MLType,03/06/2023 07:54:33,False
381,MLType,05/10/2023 09:01:57,False
382,MLType,05/10/2023 15:36:07,False
383,MLType,05/10/2023 15:36:07,False
384,MLType,05/10/2023 15:36:07,False
385,MLType,05/10/2023 15:36:07,False
386,MLType,05/10/2023 15:36:07,False
387,MLType,05/10/2023 15:36:07,False
388,MLType,05/10/2023 15:36:07,False
389,MLType,05/10/2023 15:36:07,False
390,MLType,05/10/2023 15:36:07,False
391,MLType,05/10/2023 15:36:07,False
392,MLType,05/10/2023 15:36:07,False
393,MLType,03/13/2023 14:00:49,False
394,MLType,05/10/2023 15:36:07,False
395,MLType,05/10/2023 15:36:07,False
396,MLType,05/10/2023 20:01:43,False
397,MLType,05/10/2023 20:01:43,False
398,MLType,05/10/2023 20:01:43,False
399,MLType,05/10/2023 20:01:43,False
400,MLType,05/10/2023 20:01:43,False
401,MLType,05/10/2023 20:01:43,False
402,MLType,05/10/2023 20:01:43,False
403,MLType,05/10/2023 20:01:43,False
404,MLType,05/07/2023 12:33:09,False
405,MLType,05/12/2023 06:39:01,False
406,MLType,05/12/2023 06:39:03,False
407,MLType,05/12/2023 06:39:03,False
408,MLType,05/12/2023 06:39:03,False
409,MLType,05/12/2023 06:39:03,False
410,MLType,05/12/2023 06:39:03,False
411,MLType,05/12/2023 06:39:03,False
412,MLType,05/12/2023 06:39:03,False
413,MLType,05/12/2023 06:39:05,False
414,MLType,05/15/2023 06:56:18,False
415,MLType,05/15/2023 06:56:19,False
416,MLType,05/15/2023 06:56:19,False
417,MLType,05/10/2023 15:36:07,False
418,MLType,05/15/2023 06:56:19,False
419,MLType,05/15/2023 06:56:19,False
420,MLType,05/15/2023 06:56:19,False
421,MLType,05/15/2023 06:56:19,False
422,MLType,05/15/2023 06:56:19,False
423,MLType,05/16/2023 20:07:54,False
424,MLType,05/16/2023 20:07:59,False
425,MLType,05/16/2023 20:07:59,False
426,MLType,05/16/2023 20:07:59,False
427,MLType,05/16/2023 20:07:59,False
428,MLType,05/16/2023 20:07:59,False
429,MLType,02/26/2023 08:09:25,False
430,MLType,05/16/2023 20:07:59,False
431,MLType,05/16/2023 20:07:59,False
432,MLType,05/16/2023 20:08:04,False
433,MLType,05/16/2023 20:08:07,False
434,MLType,05/16/2023 20:08:07,False
435,MLType,05/16/2023 20:08:07,False
436,MLType,05/16/2023 20:08:07,False
437,MLType,05/16/2023 20:08:07,False
438,MLType,05/16/2023 20:08:07,False
439,MLType,05/16/2023 20:08:07,False
440,MLType,05/16/2023 20:08:07,False
441,MLType,05/16/2023 20:08:07,False
442,MLType,05/16/2023 20:08:07,False
443,MLType,02/26/2023 10:53:39,False
444,MLType,05/16/2023 20:08:07,False
445,MLType,05/16/2023 20:08:07,False
446,MLType,05/16/2023 20:08:07,False
447,MLType,05/19/2023 15:15:05,False
448,MLType,05/19/2023 15:15:05,False
449,MLType,05/19/2023 15:15:05,False
450,MLType,05/19/2023 15:15:05,False
451,MLType,05/19/2023 15:15:05,False
452,MLType,05/19/2023 15:15:05,False
453,MLType,05/19/2023 15:15:05,False
454,MLType,05/19/2023 15:15:05,False
455,MLType,05/19/2023 15:17:06,False
456,MLType,05/10/2023 15:34:04,False
457,MLType,05/19/2023 15:17:06,False
458,MLType,05/19/2023 15:17:06,True
459,MLType,05/19/2023 15:17:07,False
460,MLType,05/19/2023 15:17:07,False
461,MLType,05/19/2023 15:17:07,False
462,MLType,05/19/2023 15:17:07,False
463,MLType,05/19/2023 15:17:07,False
464,MLType,05/19/2023 15:17:07,False
465,MLType,05/19/2023 15:17:07,False
466,MLType,05/19/2023 15:17:07,False
467,MLType,05/19/2023 15:17:07,False
468,MLType,05/19/2023 15:17:07,False
469,MLType,05/19/2023 15:17:07,False
470,MLType,05/16/2023 20:08:07,False
471,MLType,05/19/2023 19:48:07,False
472,MLType,05/19/2023 19:48:10,False
473,MLType,05/19/2023 19:48:10,False
474,MLType,05/19/2023 19:48:10,False
475,MLType,05/19/2023 19:48:10,False
476,MLType,05/19/2023 19:48:10,False
477,MLType,05/19/2023 19:48:10,False
478,MLType,05/19/2023 19:48:10,False
479,MLType,05/19/2023 19:48:16,False
480,MLType,05/19/2023 19:50:59,True
481,MLType,04/03/2023 18:02:31,False
482,MLType,05/10/2023 06:50:23,False
